,City,Country,Date,Latitude,Longitude,Temperature,Humidity,Wind Speed,Cloudiness
0,kenai,US,1612387925,60.5544,-151.2583,15.8,92,5.75,90
1,new norfolk,AU,1612387927,-42.7826,147.0587,59.0,89,4.0,70
2,hatillo,PR,1612387928,18.4863,-66.8254,82.99,75,1.01,25
3,chernoyerkovskaya,RU,1612387929,45.4331,37.7686,50.0,76,4.47,85
4,leningradskiy,RU,1612387682,69.3833,178.4167,-24.56,84,11.14,65
5,albany,US,1612387178,42.6001,-73.9662,30.99,67,11.01,100
6,lorengau,PG,1612387933,-2.0226,147.2712,81.7,71,1.34,74
7,buala,SB,1612387704,-8.145,159.5921,79.21,84,12.88,100
8,kaitangata,NZ,1612387935,-46.2817,169.8464,54.0,62,10.0,81
9,saint-philippe,RE,1612387685,-21.3585,55.7679,78.8,73,2.3,0
10,saldanha,ZA,1612387688,-33.0117,17.9442,66.2,82,11.5,0
11,hobart,AU,1612387939,-42.8794,147.3294,59.0,94,2.3,90
12,alice springs,AU,1612387701,-23.7,133.8833,77.0,23,8.9,45
13,novikovo,RU,1612387941,51.1537,37.8879,34.47,96,8.66,100
14,victoria,HK,1612387837,22.2855,114.1577,64.0,72,11.72,2
15,meulaboh,ID,1612387944,4.1363,96.1285,76.62,88,4.52,99
16,clyde river,CA,1612387945,70.4692,-68.5914,-20.2,76,2.3,75
17,akyab,MM,1612387946,20.15,92.9,60.84,71,6.08,0
18,castro,BR,1612387947,-24.7911,-50.0119,72.66,82,4.43,50
19,huarmey,PE,1612387750,-10.0681,-78.1522,74.97,64,9.01,77
20,najran,SA,1612387950,17.4924,44.1277,62.6,31,0.94,0
21,tourlaville,FR,1612387951,49.6383,-1.5664,46.99,93,9.22,0
22,isangel,VU,1612387751,-19.55,169.2667,82.4,74,5.75,20
23,suamico,US,1612387953,44.6319,-88.0393,32.0,59,6.91,1
24,punta arenas,CL,1612387954,-53.15,-70.9167,64.4,59,18.41,75
25,torbay,CA,1612387956,47.6666,-52.7314,43.0,100,27.63,75
26,rikitea,PF,1612387957,-23.1203,-134.9692,78.15,69,12.19,0
27,bluff,NZ,1612387678,-46.6,168.3333,53.26,67,15.37,49
28,faanui,PF,1612387959,-16.4833,-151.75,81.77,70,9.78,0
29,bethel,US,1612387960,41.3712,-73.414,33.8,55,12.66,90
30,kondinskoye,RU,1612387962,59.6481,67.41,3.85,93,9.69,0
31,luderitz,NA,1612387692,-26.6481,15.1594,66.42,75,13.11,0
32,busselton,AU,1612387964,-33.65,115.3333,48.99,83,17.9,0
33,saint george,US,1612387889,37.1041,-113.5841,66.99,34,6.91,1
34,betsiamites,CA,1612387967,48.9413,-68.646,32.0,80,9.22,90
35,norman wells,CA,1612387679,65.282,-126.8329,-34.6,67,6.91,75
36,honiara,SB,1612387969,-9.4333,159.95,76.82,85,4.07,100
37,nizwa,OM,1612387970,22.9333,57.5333,55.87,57,3.04,0
38,harper,LR,1612387971,4.375,-7.7169,78.76,88,7.52,8
39,senno,RU,1612387973,59.5336,33.9167,16.7,98,4.29,95
40,upernavik,GL,1612387974,72.7868,-56.1549,-14.55,71,5.35,10
41,yellowknife,CA,1612387975,62.456,-114.3525,-15.0,69,6.91,90
42,bredasdorp,ZA,1612387976,-34.5322,20.0403,59.0,82,4.61,0
43,puerto ayora,EC,1612387977,-0.7393,-90.3518,86.0,66,19.57,0
44,saskylakh,RU,1612387979,71.9167,114.0833,-33.14,79,8.97,56
45,kodiak,US,1612387980,57.79,-152.4072,33.8,80,3.44,1
46,jamestown,US,1612387625,42.097,-79.2353,30.99,69,11.5,1
47,mana,GF,1612387982,5.6592,-53.7767,78.28,83,16.08,100
48,ribeira grande,PT,1612387983,38.5167,-28.7,53.6,71,21.85,40
49,salta,AR,1612387731,-24.7859,-65.4117,64.4,77,10.36,90
50,vaini,TO,1612387986,-21.2,-175.2,80.6,89,2.3,75
51,barrow,US,1612387987,71.2906,-156.7887,-23.8,69,12.66,1
52,kaniama,CD,1612387989,-7.5667,24.1833,66.58,96,4.47,100
53,constitucion,CL,1612387990,-35.3333,-72.4167,70.5,54,12.57,0
54,butaritari,KI,1612387948,3.0707,172.7902,81.5,84,17.76,72
55,livenka,RU,1612387992,50.4491,38.2959,35.62,94,7.81,100
56,port alfred,ZA,1612387993,-33.5906,26.891,69.01,93,1.99,0
57,grand gaube,MU,1612387995,-20.0064,57.6608,75.99,84,3.0,13
58,aklavik,CA,1612387996,68.2191,-135.0107,-38.2,67,2.3,1
59,avarua,CK,1612387997,-21.2078,-159.775,84.2,70,8.05,20
60,qaanaaq,GL,1612387998,77.484,-69.3632,-21.93,67,3.4,69
61,cacule,BR,1612388000,-14.5033,-42.2222,74.61,76,5.08,100
62,portomaggiore,IT,1612388001,44.6985,11.8068,46.0,94,3.38,20
63,almaznyy,RU,1612388002,48.0448,40.045,48.2,87,2.24,40
64,kayerkan,RU,1612388003,69.3497,87.7602,-17.18,88,3.49,100
65,eyl,SO,1612387741,7.9803,49.8164,70.7,70,14.56,59
66,mandalgovi,MN,1612388006,45.7625,106.2708,11.23,78,16.78,0
67,ajdabiya,LY,1612388007,30.7554,20.2263,58.95,81,9.6,0
68,bud,US,1612388008,39.447,-86.1758,36.0,69,3.98,3
69,chapais,CA,1612388009,49.7834,-74.8492,28.4,50,17.27,75
70,kapaa,US,1612387917,22.0752,-159.319,68.0,88,9.22,90
71,husavik,IS,1612388012,66.0449,-17.3389,14.0,79,10.36,0
72,evensk,RU,1612388013,61.95,159.2333,10.92,91,39.95,100
73,port elizabeth,ZA,1612388014,-33.918,25.5701,68.0,94,9.22,40
74,dikson,RU,1612388015,73.5069,80.5464,-4.43,91,15.01,100
75,praia da vitoria,PT,1612388017,38.7333,-27.0667,55.4,58,28.88,40
76,sorland,NO,1612388018,67.667,12.6934,19.4,86,2.3,40
77,dehloran,IR,1612387884,32.6941,47.2679,59.23,34,1.01,0
78,hilo,US,1612387959,19.7297,-155.09,82.4,42,19.57,1
79,sault sainte marie,CA,1612387957,46.5168,-84.3333,35.6,51,3.44,1
80,presidente epitacio,BR,1612388023,-21.7633,-52.1156,83.05,73,6.06,81
81,bambanglipuro,ID,1612388024,-7.95,110.2833,76.03,86,4.65,100
82,yanam,IN,1612388025,16.7333,82.2167,65.07,78,2.48,9
83,goderich,CA,1612388027,43.7501,-81.7165,30.2,69,11.5,0
84,mocuba,MZ,1612388028,-16.8392,36.9856,74.21,95,1.36,12
85,mataura,NZ,1612388029,-46.1927,168.8643,57.38,50,6.73,34
86,chuy,UY,1612388030,-33.6971,-53.4616,69.66,96,21.68,100
87,vanimo,PG,1612388031,-2.6741,141.3028,76.75,86,3.89,100
88,ilhabela,BR,1612388033,-23.7781,-45.3581,78.58,81,6.22,1
89,east london,ZA,1612388034,-33.0153,27.9116,76.32,81,8.41,2
90,tuktoyaktuk,CA,1612388035,69.4541,-133.0374,-41.8,74,4.61,20
91,tabou,CI,1612388036,4.423,-7.3528,78.42,89,7.56,24
92,cape town,ZA,1612388038,-33.9258,18.4232,69.01,77,16.11,20
93,kuytun,RU,1612388039,54.3419,101.5036,21.25,96,9.8,100
94,kamina,CD,1612388040,-8.7386,24.9906,63.91,99,4.0,97
95,ushuaia,AR,1612387882,-54.8,-68.3,53.6,54,12.66,75
96,boa esperanca,BR,1612388042,-21.09,-45.5658,72.09,84,1.54,39
97,sitka,US,1612387760,57.0531,-135.33,37.4,75,9.22,90
98,nanortalik,GL,1612388045,60.1432,-45.2371,15.84,79,14.14,7
99,longyearbyen,SJ,1612388046,78.2186,15.6401,23.0,68,12.66,75
100,general roca,AR,1612388047,-39.0333,-67.5833,93.2,21,4.61,0
101,kangaatsiaq,GL,1612388049,68.3065,-53.4641,-4.97,87,12.44,47
102,bambous virieux,MU,1612388050,-20.3428,57.7575,75.99,88,10.96,75
103,ilulissat,GL,1612388051,69.2167,-51.1,-5.8,45,6.91,20
104,algiers,DZ,1612387826,36.7525,3.042,61.5,48,3.49,100
105,hermanus,ZA,1612388053,-34.4187,19.2345,61.0,88,4.14,1
106,khatanga,RU,1612388055,71.9667,102.5,-5.71,91,10.38,100
107,hualmay,PE,1612388056,-11.0964,-77.6139,73.74,68,8.23,47
108,hvolsvollur,IS,1612388057,63.7533,-20.2243,29.61,93,3.87,100
109,warrnambool,AU,1612388058,-38.3833,142.4833,59.0,89,5.99,79
110,muros,ES,1612388060,42.7762,-9.0603,55.99,72,21.0,19
111,tacuati,PY,1612388061,-23.45,-56.5833,87.13,67,2.73,87
112,canchungo,GW,1612388062,12.0672,-16.0333,78.8,78,2.3,100
113,rawson,AR,1612387846,-43.3002,-65.1023,85.19,22,9.51,98
114,cherskiy,RU,1612388064,68.75,161.3,9.86,83,6.82,100
115,hasaki,JP,1612388066,35.7333,140.8333,32.0,64,4.61,20
116,vila velha,BR,1612387953,-20.3297,-40.2925,80.6,74,16.11,0
117,lebu,CL,1612388068,-37.6167,-73.65,62.08,76,12.37,0
118,tura,IN,1612388069,25.5198,90.2201,58.19,59,3.31,0
119,sao filipe,CV,1612388070,14.8961,-24.4956,72.41,76,8.41,71
120,walvis bay,NA,1612388072,-22.9575,14.5053,66.99,85,8.25,16
121,belen,TR,1612388073,36.4891,36.2233,53.6,76,4.61,40
122,sola,VU,1612388074,-13.8833,167.55,81.68,79,13.6,100
123,georgetown,MY,1612388003,5.4112,100.3354,78.8,73,1.14,20
124,namie,JP,1612388077,37.4833,141.0,28.0,91,3.98,1
125,yaan,NG,1612388078,7.3833,8.5667,81.34,15,2.28,0
126,atuona,PF,1612388079,-9.8,-139.0333,78.01,72,10.78,1
127,provideniya,RU,1612388080,64.3833,-173.3,-8.52,82,14.63,94
128,gornopravdinsk,RU,1612388081,60.05,69.9,4.08,94,6.91,97
129,coro,VE,1612388083,11.4045,-69.6734,80.91,73,16.49,70
130,narsaq,GL,1612387859,60.9167,-46.05,15.8,53,11.5,90
131,freire,CL,1612388085,-38.95,-72.6333,84.2,54,10.36,0
132,pevek,RU,1612387802,69.7008,170.3133,-8.54,72,8.63,4
133,coihaique,CL,1612388070,-45.5752,-72.0662,87.8,29,11.5,0
134,maceio,BR,1612387991,-9.6658,-35.7353,78.8,78,11.5,0
135,samur,RU,1612388091,41.8253,48.486,43.88,87,5.26,85
136,batticaloa,LK,1612388092,7.7102,81.6924,76.42,79,10.29,80
137,salalah,OM,1612388093,17.0151,54.0924,69.8,56,3.44,0
138,nikolskoye,RU,1612388095,59.7035,30.7861,21.0,93,13.42,75
139,lahij,YE,1612388096,13.1667,44.5833,67.98,81,6.62,33
140,lubao,PH,1612388097,14.9167,120.55,75.2,83,2.3,40
141,itaituba,BR,1612388098,-4.2761,-55.9836,89.6,62,5.75,20
142,banda aceh,ID,1612388071,5.5577,95.3222,77.05,81,13.24,40
143,usinsk,RU,1612388101,65.9939,57.5281,2.77,94,8.37,99
144,san buenaventura,MX,1612388102,27.0833,-101.5333,82.4,24,5.57,1
145,iqaluit,CA,1612387812,63.7506,-68.5145,-5.8,71,3.44,90
146,wamba,NG,1612388104,8.9333,8.6,78.15,17,4.92,0
147,ahipara,NZ,1612388106,-35.1667,173.1667,71.96,52,1.12,76
148,oussouye,SN,1612388107,12.485,-16.5469,78.8,78,2.3,0
149,kroya,ID,1612388108,-7.6331,109.2461,76.03,86,4.36,100
150,la rioja,ES,1612388109,42.25,-2.5,48.2,93,3.06,75
151,srednekolymsk,RU,1612388112,67.45,153.6833,-25.38,86,2.71,69
152,richards bay,ZA,1612388113,-28.783,32.0377,74.46,93,6.78,100
153,mogadishu,SO,1612388032,2.0371,45.3438,76.14,83,20.2,81
154,coquimbo,CL,1612388077,-29.9533,-71.3436,64.4,72,11.5,20
155,noumea,NC,1612388117,-22.2763,166.4572,79.0,99,7.81,88
156,tieli,CN,1612388118,46.95,128.05,-26.77,85,3.85,72
157,ancud,CL,1612388119,-41.8697,-73.8203,69.8,56,8.05,0
158,quatre cocos,MU,1612388120,-20.2078,57.7625,75.99,88,11.36,75
159,temir,KZ,1612388122,49.1414,57.13,28.78,97,6.22,96
160,hobyo,SO,1612388123,5.3505,48.5268,75.81,82,15.79,2
161,pran buri,TH,1612388056,12.3847,99.9098,71.01,99,3.13,3
162,sibolga,ID,1612388125,1.7427,98.7792,75.72,83,3.85,97
163,stelnica,RO,1612388126,44.4167,27.8833,42.01,100,10.36,90
164,ambilobe,MG,1612388128,-13.2,49.05,75.38,90,1.95,52
165,willowmore,ZA,1612388129,-33.2926,23.4895,67.01,54,5.21,0
166,tateyama,JP,1612388074,34.9833,139.8667,44.01,54,7.0,0
167,raga,SS,1612388131,8.4596,25.678,77.34,26,2.35,32
168,opuwo,NA,1612388133,-18.0607,13.84,71.71,41,5.35,72
169,panguna,PG,1612388134,-6.3164,155.4848,74.84,93,3.4,98
170,semirom,IR,1612388135,31.4167,51.5667,33.6,75,2.73,0
171,petropavlovsk-kamchatskiy,RU,1612388136,53.0452,158.6483,17.6,62,6.71,100
172,mangan,IN,1612388137,27.5167,88.5333,51.57,37,6.04,0
173,ostrovnoy,RU,1612388139,68.0531,39.5131,14.54,94,13.58,100
174,tigil,RU,1612388140,57.8,158.6667,7.03,92,4.23,83
175,mackay,AU,1612387906,-21.15,149.2,75.99,88,6.91,15
176,arraial do cabo,BR,1612388142,-22.9661,-42.0278,82.4,78,21.85,0
177,jorhat,IN,1612388144,26.75,94.2167,58.26,69,1.05,0
178,khomeyn,IR,1612388145,33.6423,50.0789,38.52,61,1.86,0
179,tasiilaq,GL,1612388146,65.6145,-37.6368,27.01,97,25.79,96
180,tripoli,LY,1612388078,32.8752,13.1875,60.55,65,5.53,0
181,geraldton,AU,1612388149,-28.7667,114.6,69.8,68,23.02,90
182,manggar,ID,1612388150,-2.8833,108.2667,78.82,81,11.21,99
183,kruisfontein,ZA,1612388151,-34.0033,24.7314,71.01,81,3.0,4
184,verkhnyaya inta,RU,1612388152,65.9811,60.3094,5.68,95,9.62,100
185,robertsport,LR,1612388154,6.7533,-11.3686,80.85,85,9.71,0
186,sao joao da barra,BR,1612388155,-21.6403,-41.0511,82.4,65,20.71,0
187,sept-iles,CA,1612388156,50.2001,-66.3821,28.0,100,14.97,100
188,guerrero negro,MX,1612388157,27.9769,-114.0611,69.51,57,17.02,52
189,high river,CA,1612388158,50.5834,-113.8687,7.0,81,1.99,100
190,itarema,BR,1612388160,-2.9248,-39.9167,80.62,76,14.72,74
191,odienne,CI,1612388161,9.51,-7.5692,75.04,21,0.89,59
192,pontal do parana,BR,1612388163,-25.6533,-48.5128,84.2,58,4.61,75
193,ishinomaki,JP,1612388164,38.4167,141.3,24.8,86,8.05,75
194,pilar,BR,1612388165,-9.5972,-35.9567,78.8,78,11.5,0
195,viedma,AR,1612388167,-40.8135,-62.9967,87.01,33,14.05,0
196,yar-sale,RU,1612388168,66.8333,70.8333,-4.04,92,9.4,94
197,nagato,JP,1612388170,34.3833,131.2,42.8,86,3.44,75
198,san carlos,VE,1612388171,9.6612,-68.5827,91.8,32,1.92,41
199,thompson,CA,1612388172,55.7435,-97.8558,3.2,78,14.97,90
200,puerto montt,CL,1612387892,-41.4698,-72.9447,69.8,64,11.5,0
201,nioaque,BR,1612388175,-21.1353,-55.83,82.0,82,1.9,98
202,wenling,CN,1612388176,28.3669,121.36,51.01,77,5.5,57
203,vanavara,RU,1612388178,60.34,102.2797,-14.62,89,2.17,100
204,kavaratti,IN,1612388056,10.5669,72.642,81.01,63,3.85,87
205,sorochinsk,RU,1612388180,52.4338,53.1583,34.32,96,4.7,100
206,fairbanks,US,1612388113,64.8378,-147.7164,-9.4,70,5.75,90
207,fare,PF,1612388183,-16.7,-151.0167,81.28,69,7.61,14
208,turayf,SA,1612388184,31.6725,38.6637,53.6,58,12.66,0
209,asau,RO,1612388185,46.4333,26.4,37.4,100,9.22,90
210,monterey,US,1612388137,36.2505,-121.2516,60.01,52,14.0,0
211,airai,TL,1612388188,-8.9266,125.4092,61.59,100,5.1,99
212,riyadh,SA,1612388189,24.6877,46.7219,68.0,28,5.75,0
213,talaya,RU,1612388190,61.3833,152.75,-23.12,83,8.08,100
214,marondera,ZW,1612388191,-18.1853,31.5519,61.38,100,5.26,99
215,chiniot,PK,1612388193,31.72,72.9789,50.13,80,6.51,48
216,san quintin,MX,1612388194,30.4833,-115.95,64.4,70,15.35,65
217,pervomayskiy,RU,1612388195,53.2485,40.2871,33.01,85,8.32,100
218,tromso,NO,1612388196,69.6496,18.957,30.2,80,13.8,75
219,kyzyl-suu,KG,1612388198,42.3414,78.0056,24.49,70,6.67,0
220,hirara,JP,1612388199,24.8,125.2833,65.7,64,11.16,75
221,hay river,CA,1612388200,60.8156,-115.7999,-13.0,70,8.05,100
222,cabedelo,BR,1612388201,-6.9811,-34.8339,80.6,78,12.66,40
223,camopi,GF,1612388051,3.1655,-52.3158,74.44,97,3.62,99
224,cozumel,MX,1612387910,20.5083,-86.9458,77.0,44,6.91,1
225,katesh,TZ,1612388205,-4.5167,35.3833,58.15,99,4.47,61
226,gbarnga,LR,1612388206,6.9956,-9.4722,74.93,86,3.67,25
227,severo-kurilsk,RU,1612388207,50.6789,156.125,10.92,93,33.78,100
228,aleksandrovka,UA,1612388209,46.8383,32.7612,42.8,93,8.95,90
229,santa rosa,PH,1612388210,14.3122,121.1114,77.0,78,2.3,20
230,cabo san lucas,MX,1612388211,22.8909,-109.9124,86.0,28,12.66,20
231,roma,US,1612388045,43.2128,-75.4557,27.0,68,13.8,90
232,zhigansk,RU,1612388213,66.7697,123.3711,-38.13,80,10.92,97
233,kapit,MY,1612388215,2.0167,112.9333,73.45,95,0.94,85
234,morant bay,JM,1612388216,17.8815,-76.4093,82.4,61,16.11,20
235,tabas,IR,1612388217,33.5959,56.9244,44.6,31,4.61,0
236,cayenne,GF,1612387952,4.9333,-52.3333,82.4,78,14.97,75
237,beloha,MG,1612388220,-25.1667,45.05,77.38,70,10.54,10
238,ilinge,ZA,1612388221,-31.9768,27.0427,65.43,75,4.72,28
239,custoias,PT,1612388222,41.1053,-7.321,48.99,9,7.81,63
240,mahebourg,MU,1612388223,-20.4081,57.7,75.2,88,11.79,75
241,ottawa,CA,1612388155,45.4112,-75.6981,35.6,55,18.41,75
242,hithadhoo,MV,1612388226,-0.6,73.0833,82.87,71,7.74,90
243,lata,PT,1612388227,40.1629,-8.3327,55.99,86,4.85,52
244,fez,MA,1612388228,34.0372,-4.9998,53.6,100,3.44,75
245,banff,CA,1612388230,51.1762,-115.5698,23.0,74,6.91,89
246,itatuba,BR,1612388231,-7.375,-35.6283,80.6,61,18.41,0
247,kudahuvadhoo,MV,1612388232,2.6708,72.8944,81.39,80,18.81,98
248,tambovka,RU,1612388233,50.0969,128.0489,-20.2,57,4.47,0
249,marienburg,PL,1612388235,54.0359,19.0266,32.0,91,4.0,100
250,tomatlan,MX,1612388236,19.9333,-105.25,85.06,50,7.34,3
251,wilmington,US,1612388231,34.2257,-77.9447,52.0,20,19.57,1
252,vangaindrano,MG,1612388162,-23.35,47.6,75.34,82,2.26,32
253,rock sound,BS,1612388240,24.9,-76.2,67.42,56,18.28,0
254,ancona,IT,1612388241,43.55,13.1667,59.0,82,1.14,20
255,esmeraldas,BR,1612388242,-19.7625,-44.3139,87.8,45,8.05,0
256,tiksi,RU,1612388243,71.6872,128.8694,-27.36,84,2.39,55
257,los llanos de aridane,ES,1612388245,28.6585,-17.9182,64.4,77,4.61,75
258,cururupu,BR,1612388246,-1.8283,-44.8683,77.4,84,3.94,33
259,joshimath,IN,1612388247,30.5667,79.5667,36.86,61,6.35,41
260,kiruna,SE,1612388105,67.8557,20.2251,15.8,86,13.8,90
261,thai nguyen,VN,1612388250,21.5928,105.8442,64.4,94,4.61,75
262,ponta do sol,PT,1612388251,32.6667,-17.1,55.0,63,3.0,71
263,sur,OM,1612388252,22.5667,59.5289,67.1,73,5.55,0
264,dera bugti,PK,1612388253,29.0307,69.151,60.31,33,12.68,81
265,trapani,IT,1612388255,37.8333,12.6667,59.0,94,12.66,0
266,lazaro cardenas,MX,1612388256,17.9583,-102.2,81.32,66,9.46,23
267,bergama,TR,1612388257,39.1207,27.1805,51.8,100,4.61,40
268,bengkulu,ID,1612388258,-3.8004,102.2655,75.56,84,5.44,100
269,cidreira,BR,1612388259,-30.1811,-50.2056,77.92,86,12.03,100
270,berlevag,NO,1612388261,70.8578,29.0864,30.2,86,31.07,75
271,lasa,IT,1612388262,46.6166,10.7002,35.6,93,4.61,90
272,krasnoselkup,RU,1612388263,65.7,82.4667,-4.72,92,6.04,90
273,trofors,NO,1612388264,65.5333,13.4063,-2.2,84,6.91,0
274,klaksvik,FO,1612388266,62.2266,-6.589,30.2,80,5.75,53
275,maningrida,AU,1612388267,-12.0667,134.2667,79.3,84,11.79,95
276,tupik,RU,1612388268,54.4253,119.9327,-34.73,78,1.7,0
277,trelew,AR,1612388269,-43.249,-65.3051,90.9,14,12.01,100
278,atar,MR,1612388143,20.5169,-13.0499,69.93,21,1.07,25
279,vila franca do campo,PT,1612388272,37.7167,-25.4333,51.8,71,10.36,40
280,lensk,RU,1612388273,60.7253,114.9278,-19.59,85,3.0,100
281,bundibugyo,UG,1612388274,0.7414,30.0417,74.21,43,3.22,21
282,chicama,PE,1612388276,-7.8447,-79.1469,71.6,83,10.36,0
283,auki,SB,1612388277,-8.7676,160.7034,78.15,83,9.04,100
284,qasigiannguit,GL,1612388278,68.8193,-51.1922,-5.8,45,6.91,20
285,waipawa,NZ,1612388279,-41.4122,175.5153,62.01,67,19.57,75
286,lewiston,US,1612388281,44.1003,-70.2148,35.6,64,10.36,90
287,mezhova,UA,1612388282,48.2532,36.7347,42.12,91,4.25,99
288,kihei,US,1612388283,20.785,-156.4656,72.0,76,8.01,93
289,namibe,AO,1612388285,-15.1961,12.1522,72.64,72,7.67,82
290,tuatapere,NZ,1612388138,-46.1333,167.6833,56.03,60,7.2,20
291,broome,US,1612388287,42.2506,-75.833,26.01,86,14.97,90
292,esperance,AU,1612388288,-33.8667,121.9,55.4,58,9.22,40
293,havoysund,NO,1612388290,70.9963,24.6622,28.4,93,32.21,90
294,namatanai,PG,1612388291,-3.6667,152.4333,82.11,76,3.62,91
295,jeremie,HT,1612388292,18.65,-74.1167,73.78,75,12.66,89
296,kimbe,PG,1612388293,-5.5502,150.1429,79.25,83,1.25,100
297,vestmannaeyjar,IS,1612388294,63.4427,-20.2734,38.89,74,34.54,100
298,kifri,IQ,1612388296,34.6959,44.9661,55.29,45,2.57,0
299,sinazongwe,ZM,1612388297,-17.2614,27.4618,76.19,80,5.28,100
300,del rio,US,1612388298,29.3627,-100.8968,78.8,25,13.8,1
301,lahstedt,DE,1612388300,52.2483,10.2325,43.0,93,8.05,90
302,rabo de peixe,PT,1612388227,37.8,-25.5833,51.8,71,10.36,40
303,ketchikan,US,1612388303,55.3422,-131.6461,37.4,100,5.75,90
304,amparafaravola,MG,1612388304,-17.5833,48.2167,66.76,95,4.05,37
305,belaya gora,RU,1612388305,68.5333,146.4167,-22.95,87,3.36,94
306,orlik,RU,1612388307,52.5178,99.825,10.02,88,7.18,100
307,mataram,ID,1612388309,-8.5833,116.1167,75.2,94,4.61,75
308,yetkul,RU,1612388310,54.8221,61.588,10.4,92,4.47,40
309,brownwood,US,1612388303,31.7093,-98.9912,77.0,27,11.5,1
310,rocha,UY,1612388313,-34.4833,-54.3333,66.79,95,10.27,100
311,fortuna,US,1612388315,40.5982,-124.1573,52.0,66,10.36,40
312,inhambane,MZ,1612388317,-23.865,35.3833,79.86,87,3.91,96
313,iwanai,JP,1612388318,42.9744,140.5089,16.92,91,15.57,99
314,zhangye,CN,1612388319,38.9342,100.4517,22.03,66,3.8,6
315,arlit,NE,1612388321,18.7369,7.3853,66.4,24,7.2,0
316,cairns,AU,1612388322,-16.9167,145.7667,75.2,88,2.3,85
317,dir,PK,1612388324,35.2058,71.8756,38.1,58,8.48,41
318,lavrentiya,RU,1612388325,65.5833,-171.0,-12.14,85,15.86,0
319,farafangana,MG,1612388327,-22.8167,47.8333,78.13,85,4.27,14
320,codrington,AU,1612388329,-38.2667,141.9667,66.18,60,7.83,100
321,san policarpo,PH,1612388330,12.1791,125.5072,79.84,83,16.42,30
322,wanaka,NZ,1612388050,-44.7,169.15,60.01,61,5.01,86
323,yerbogachen,RU,1612388333,61.2767,108.0108,-14.71,89,3.11,100
324,novyy urgal,RU,1612388335,51.0736,132.5642,-38.36,80,1.36,47
325,sobolevo,RU,1612388336,54.4299,31.8996,32.9,97,7.9,99
326,port moresby,PG,1612388338,-9.4431,147.1797,73.4,100,16.62,90
327,ibra,OM,1612388339,22.6906,58.5334,54.5,87,1.54,0
328,aksu,CN,1612388340,41.1231,80.2644,22.21,86,0.65,0
329,cardonal,MX,1612388342,20.6,-99.1333,72.9,28,8.21,0
330,carnarvon,AU,1612388115,-24.8667,113.6333,77.0,87,23.02,90
331,houma,US,1612388344,29.5958,-90.7195,64.0,44,5.75,1
332,hami,CN,1612388346,42.8,93.45,23.54,84,1.19,10
333,talnakh,RU,1612388347,69.4865,88.3972,-17.77,87,3.31,100
334,altavilla vicentina,IT,1612388348,45.5155,11.4587,45.0,99,3.0,63
335,duluth,US,1612388246,46.7833,-92.1066,30.2,86,12.66,1
336,dzerzhinsk,RU,1612388351,56.2389,43.4631,21.2,100,4.47,90
337,amberieu-en-bugey,FR,1612388352,45.9589,5.3432,51.8,82,9.22,0
338,san rafael,AR,1612388354,-34.6177,-68.3301,80.44,19,9.4,0
339,voznesenye,RU,1612388355,61.0106,35.4781,15.69,97,2.53,89
340,tual,ID,1612388130,-5.6667,132.75,83.7,77,17.31,99
341,palmer,US,1612388358,42.1584,-72.3287,34.0,60,12.66,75
342,nabire,ID,1612388359,-3.3667,135.4833,75.63,91,3.74,100
343,manzhouli,CN,1612388360,49.6,117.4333,-7.64,90,3.51,100
344,nizhnevartovsk,RU,1612388362,60.9344,76.5531,12.2,85,4.47,90
345,mirnyy,RU,1612388363,62.5353,113.9611,-26.37,85,3.6,100
346,vila do maio,CV,1612388364,15.1333,-23.2167,71.6,78,17.27,0
347,riverton,US,1612388366,40.5219,-111.9391,41.0,70,13.8,90
348,columbus,US,1612388270,39.9612,-82.9988,32.0,55,12.66,1
349,zomin,UZ,1612388369,39.9606,68.3958,39.45,70,2.82,0
350,senneterre,CA,1612388370,48.3835,-77.2328,26.6,68,10.36,20
351,touros,BR,1612388372,-5.1989,-35.4608,80.6,74,14.97,40
352,mount gambier,AU,1612388373,-37.8333,140.7667,59.0,82,5.75,90
353,nome,US,1612388375,64.5011,-165.4064,-2.2,60,12.66,40
354,moose factory,CA,1612388376,51.2585,-80.6094,14.0,92,3.44,75
355,ostersund,SE,1612388378,63.1792,14.6357,5.0,92,2.3,90
356,kloulklubed,PW,1612388379,7.0419,134.2556,80.6,83,6.91,75
357,katsuura,JP,1612388381,35.1333,140.3,45.0,45,14.85,20
358,lobito,AO,1612388382,-12.3481,13.5456,76.01,80,5.17,10
359,coos bay,US,1612388383,43.3665,-124.2179,48.2,87,5.75,40
360,dourbali,TD,1612388385,11.8091,15.8632,75.13,18,10.89,7
361,bannu,PK,1612388386,32.9854,70.6027,51.91,57,4.03,0
362,black diamond,US,1612388210,47.3087,-122.0032,48.0,84,1.61,99
363,shache,CN,1612388389,38.4167,77.2406,25.47,82,1.07,0
364,seymchan,RU,1612388390,62.8833,152.4333,-18.09,86,10.85,100
365,mar del plata,AR,1612388391,-38.0023,-57.5575,69.8,68,11.5,20
366,moron,AR,1612388393,-34.6534,-58.6198,77.0,66,5.99,57
367,pierre,US,1612388339,44.3683,-100.351,42.8,61,23.02,1
368,green river,US,1612388395,41.5286,-109.4662,30.2,69,25.32,75
369,kavieng,PG,1612388397,-2.5744,150.7967,83.37,69,5.28,98
370,taoudenni,ML,1612388398,22.6783,-3.9836,72.5,20,9.93,48
371,chak jhumra,PK,1612388400,31.5678,73.1835,49.89,77,5.59,16
372,comodoro rivadavia,AR,1612388402,-45.8667,-67.5,73.4,40,19.57,0
373,wanning,CN,1612388405,18.8003,110.3967,67.32,89,9.24,46
374,toba tek singh,PK,1612388406,30.9743,72.4827,50.02,61,4.47,0
375,svetlogorsk,BY,1612388407,52.6333,29.7333,32.94,98,6.46,95
376,port blair,IN,1612388409,11.6667,92.75,75.99,76,8.7,100
377,chernyshevskiy,RU,1612388411,63.0128,112.4714,-27.98,86,2.98,100
378,pandan,PH,1612388412,14.0453,124.1694,77.43,85,19.82,72
379,taseyevo,RU,1612388414,57.2169,94.8978,13.89,96,6.87,99
380,road town,VG,1612388415,18.4167,-64.6167,80.6,69,6.91,40
381,santa cruz de la palma,ES,1612388416,28.6835,-17.7642,64.4,77,4.61,75
382,tulum,MX,1612388418,20.2167,-87.4667,77.0,44,6.91,1
383,sosua,DO,1612388419,19.7667,-70.5167,71.6,94,5.39,90
384,santana do livramento,BR,1612388393,-30.8908,-55.5328,68.52,92,16.37,96
385,charters towers,AU,1612388422,-20.1,146.2667,76.66,76,8.86,49
386,iranshahr,IR,1612388423,27.2025,60.6848,53.6,20,6.91,0
387,barao de melgaco,BR,1612388424,-16.1944,-55.9675,84.2,70,5.75,75
388,sao felix do xingu,BR,1612388426,-6.6447,-51.995,77.92,83,1.79,76
389,flagstaff,US,1612388264,35.1981,-111.6513,52.0,70,11.5,75
390,leirvik,NO,1612388428,59.7798,5.5005,19.99,71,5.01,0
391,majene,ID,1612388430,-3.5403,118.9707,78.93,77,5.21,100
392,togur,RU,1612388431,58.3631,82.8265,5.38,95,7.02,95
393,sueyoshi,JP,1612388432,31.65,131.0167,42.8,80,6.91,40
394,bilma,NE,1612388434,18.6853,12.9164,64.72,27,14.36,0
395,porbandar,IN,1612388435,21.6422,69.6093,64.69,80,7.7,0
396,pacifica,US,1612388436,37.6138,-122.4869,57.2,71,4.61,1
397,wattegama,LK,1612388438,6.7989,81.4808,70.63,88,6.98,76
398,high level,CA,1612388440,58.5169,-117.136,-7.6,84,2.3,90
399,santa helena de goias,BR,1612388441,-17.8136,-50.5969,79.68,67,1.52,72
400,castlemaine,AU,1612388442,-37.0667,144.2167,64.99,48,1.99,100
401,frolovo,RU,1612388444,49.7713,43.6622,38.53,98,8.48,99
402,merrill,US,1612388445,45.1805,-89.6835,33.8,51,6.91,1
403,biloela,AU,1612388446,-24.4167,150.5,76.44,67,12.08,0
404,gat,IL,1612388448,31.61,34.7642,66.99,49,4.0,71
405,clyde,US,1612388449,41.3042,-82.9752,30.0,64,6.62,0
406,vao,NC,1612388450,-22.6667,167.4833,78.6,86,23.49,93
407,yinchuan,CN,1612388452,38.4681,106.2731,25.34,69,2.04,100
408,tianpeng,CN,1612388453,30.9866,103.9393,50.0,87,4.47,77
409,kahului,US,1612388454,20.8947,-156.47,72.0,66,23.02,90
410,kuhdasht,IR,1612388456,33.535,47.6061,45.12,52,1.07,0
411,shirgaon,IN,1612388458,19.7,72.7,72.99,52,8.16,61
412,shalinskoye,RU,1612388460,55.7228,93.7594,18.03,95,12.62,95
413,presidencia roque saenz pena,AR,1612388461,-26.7852,-60.4388,71.01,94,1.01,100
414,barceloneta,PR,1612388462,18.4505,-66.5385,82.0,75,1.99,58
415,nouadhibou,MR,1612388244,20.931,-17.0347,62.6,94,20.71,57
416,la ronge,CA,1612388465,55.1001,-105.2842,6.8,78,11.5,100
417,egvekinot,RU,1612388466,66.3167,-179.1667,-27.22,82,20.78,15
418,linxia,CN,1612388468,35.6003,103.2064,27.16,68,1.95,100
419,zabol,AF,1612388469,32.25,67.25,32.67,77,1.63,0
420,peniche,PT,1612388470,39.3558,-9.3811,55.0,88,7.0,60
421,pinega,RU,1612388471,64.7001,43.3936,1.51,94,3.13,98
422,menongue,AO,1612388472,-14.6585,17.691,65.86,82,6.51,100
423,claveria,PH,1612388474,18.6074,121.0832,70.92,85,15.41,45
424,iskateley,RU,1612388475,67.6803,53.1512,1.08,94,7.81,86
425,nouakchott,MR,1612388476,18.0858,-15.9785,69.8,49,6.91,0
426,mpika,ZM,1612388477,-11.8343,31.4529,63.25,92,1.52,82
427,emba,KZ,1612388479,48.8264,58.1442,26.83,97,6.71,100
428,tambacounda,SN,1612388480,13.7539,-13.7586,89.6,20,6.91,0
429,whitehorse,CA,1612388481,60.7161,-135.0538,-2.0,65,11.5,75
430,avera,US,1612388483,33.194,-82.5271,53.6,22,8.05,1
431,agadir,MA,1612388239,30.4202,-9.5982,53.6,100,4.61,40
432,college,US,1612388485,64.8569,-147.8028,-9.4,70,5.75,90
433,cascais,PT,1612388429,38.6979,-9.4215,57.99,91,9.51,47
434,mitsamiouli,KM,1612388487,-11.3847,43.2844,82.87,69,4.29,91
435,portland,US,1612388005,45.5234,-122.6762,46.0,76,6.91,75
436,bathsheba,BB,1612388490,13.2167,-59.5167,80.6,65,24.16,40
437,lagoa,PT,1612388491,39.05,-27.9833,54.32,66,30.65,49
438,saint-joseph,RE,1612388493,-21.3667,55.6167,78.8,73,3.44,0
439,laguna,US,1612388494,38.421,-121.4238,57.99,62,10.36,20
440,komatipoort,ZA,1612388495,-25.4332,31.9548,73.0,94,1.95,0
441,acapulco,MX,1612388497,16.8634,-99.8901,84.2,74,9.22,40
442,port augusta,AU,1612388498,-32.5,137.7667,75.0,68,4.61,90
443,japura,ID,1612388500,-0.3167,102.35,73.35,92,1.59,100
444,biak,ID,1612388501,-0.9131,122.8766,77.22,78,4.0,99
445,bilibino,RU,1612388503,68.0546,166.4372,-4.18,81,8.37,89
446,cabra,ES,1612388355,37.4725,-4.4421,55.4,82,1.14,75
447,honningsvag,NO,1612388505,70.9821,25.9704,28.4,93,32.21,90
448,kasongo-lunda,CD,1612388416,-6.4667,16.8167,70.36,93,2.3,100
449,ingham,US,1612388508,42.6,-84.3833,33.8,51,5.75,1
450,nuuk,GL,1612388456,64.1835,-51.7216,6.8,61,4.61,20
451,kokuy,RU,1612388511,52.2037,117.5529,-24.57,79,1.23,60
452,kemijarvi,FI,1612388512,66.7131,27.4306,15.57,95,9.26,91
453,hamilton,US,1612388390,39.1834,-84.5333,36.0,55,8.05,20
454,mayo,US,1612388514,38.8876,-76.5119,39.99,56,16.11,1
455,carmelo,UY,1612388355,-33.9892,-58.2856,75.2,78,9.22,75
456,pangody,RU,1612388517,65.85,74.4859,4.86,95,6.35,99
457,thinadhoo,MV,1612388518,0.5333,72.9333,82.22,74,7.23,78
458,gastonia,US,1612388237,35.2621,-81.1873,53.6,15,6.91,1
459,poli,TZ,1612388521,-3.3333,36.8,61.25,86,2.73,40
460,shchors,UA,1612388522,51.8186,31.945,33.8,98,7.92,100
461,jutai,BR,1612388524,-5.1833,-68.9,80.28,90,0.81,98
462,novo aripuana,BR,1612388526,-5.1206,-60.3797,81.07,85,0.29,97
463,mitchell,US,1612388527,43.7094,-98.0298,37.4,81,5.75,40
464,mahanoro,MG,1612388528,-19.9,48.8,76.57,88,5.41,46
465,roseburg,US,1612388418,43.2165,-123.3417,46.99,61,6.91,90
466,san cristobal,VE,1612388531,7.7669,-72.225,87.8,51,11.5,40
467,aripuana,BR,1612388532,-9.1667,-60.6333,79.79,93,2.1,70
468,flin flon,CA,1612388533,54.7682,-101.865,8.6,78,9.22,90
469,vardo,NO,1612388535,70.3705,31.1107,30.2,69,20.71,75
470,miles city,US,1612388536,46.4083,-105.8406,24.8,74,14.97,90
471,nagua,DO,1612388537,19.3832,-69.8474,77.0,83,17.27,20
472,havre-saint-pierre,CA,1612388538,50.2334,-63.5986,28.4,100,13.8,90
473,ukiah,US,1612388540,39.1502,-123.2078,52.0,82,6.91,75
474,nelson bay,AU,1612388541,-32.7167,152.15,75.99,78,9.22,0
475,jardim,BR,1612388542,-21.4803,-56.1381,83.61,72,0.6,98
476,suntar,RU,1612388544,62.1444,117.6319,-21.5,86,4.41,100
477,souillac,MU,1612388517,-20.5167,57.5167,75.2,88,11.48,75
478,ati,TD,1612388546,13.2154,18.3353,74.89,18,12.08,1
479,caravelas,BR,1612388547,-17.7125,-39.2481,77.49,82,6.96,9
480,ankang,CN,1612388549,32.68,109.0172,44.83,50,2.66,87
481,bien hoa,VN,1612388550,10.95,106.8167,73.4,73,3.44,20
482,altamont,US,1612388551,42.2068,-121.7372,36.0,69,10.36,75
483,luena,AO,1612388553,-11.7833,19.9167,61.83,95,2.8,100
484,amga,RU,1612388554,60.8953,131.9608,-41.04,79,1.74,86
485,mount isa,AU,1612388555,-20.7333,139.5,80.6,74,9.22,29
486,deputatskiy,RU,1612388556,69.3,139.9,-19.52,90,3.15,100
487,jinchang,CN,1612388558,38.4953,102.1739,24.58,65,2.91,51
488,kuldiga,LV,1612388559,56.974,21.9572,24.8,100,2.3,40
489,nishihara,JP,1612388560,26.1842,127.7558,59.0,77,8.05,20
490,bac lieu,VN,1612388561,9.285,105.7244,74.64,79,12.68,66
491,matagami,CA,1612388562,49.7502,-77.6328,15.8,92,10.36,1
492,sartana,UA,1612388564,47.1744,37.6927,42.96,94,5.95,88
493,mweka,CD,1612388565,-4.85,21.5667,69.69,98,2.1,100
494,hambantota,LK,1612388566,6.1241,81.1185,76.42,74,18.43,97
495,harlingen,US,1612388568,26.1906,-97.6961,78.8,53,18.41,75
496,buraydah,SA,1612388569,26.326,43.975,62.6,59,4.61,0
497,lompoc,US,1612388570,34.6391,-120.4579,62.6,59,18.41,1
498,spokane,US,1612388313,47.6166,-117.3677,39.99,75,5.37,75
499,ust-kuyga,RU,1612388572,70.0167,135.6,-34.76,78,4.83,100
500,san joaquin,US,1612388574,37.9333,-121.3011,57.99,54,10.36,90
501,guia,ES,1612388575,28.1397,-15.6329,64.4,68,13.8,20
502,horodnya,UA,1612388576,51.8909,31.5974,33.66,98,7.05,100
503,antsohihy,MG,1612388577,-14.8796,47.9875,75.13,95,4.21,100
504,port lincoln,AU,1612388579,-34.7333,135.8667,64.18,70,5.86,100
505,upington,ZA,1612388580,-28.4478,21.2561,80.6,50,11.5,1
506,una,IN,1612388581,20.8167,71.0333,69.03,43,9.48,0
507,novobiryusinskiy,RU,1612388582,56.9578,97.7076,14.25,93,11.45,100
508,bor,RU,1612388584,56.3567,44.0669,23.0,100,4.47,90
509,doha,QA,1612388585,25.2867,51.5333,64.4,72,2.3,0
510,pacific grove,US,1612388377,36.6177,-121.9166,57.0,54,6.91,1
511,jacmel,HT,1612388587,18.2342,-72.5347,78.62,68,2.55,34
512,tonj,SS,1612388589,7.2737,28.6822,79.11,23,0.72,0
513,igrim,RU,1612388590,63.1906,64.4162,0.3,93,5.26,14
514,mbekenyera,TZ,1612388591,-10.0,38.9833,70.5,94,1.99,66
515,villa sandino,NI,1612388593,12.0483,-84.9936,84.2,51,13.8,40
516,dingle,PH,1612388594,10.9995,122.6711,73.99,92,8.88,87
517,vestmanna,FO,1612388595,62.1564,-7.1664,30.2,80,5.75,37
518,ferme-neuve,CA,1612388596,46.7001,-75.4493,35.6,44,12.66,97
519,yumen,CN,1612388510,40.2833,97.2,25.27,69,18.03,15
520,yulara,AU,1612388581,-25.2406,130.9889,86.0,26,11.5,99
521,bairiki,KI,1612388600,1.3292,172.9752,82.4,78,10.36,40
522,batagay-alyta,RU,1612388601,67.8006,130.4114,-39.44,74,1.57,0
523,lisala,CD,1612388475,2.15,21.5167,79.52,53,1.54,31
524,quelimane,MZ,1612388604,-17.8786,36.8883,84.2,84,4.61,0
525,pascagoula,US,1612388605,30.3658,-88.5561,59.0,47,8.05,1
526,grand-santi,GF,1612388606,4.25,-54.3833,75.38,95,4.18,95
527,pasinler,TR,1612388608,39.9803,41.6764,17.6,86,1.14,75
528,chokurdakh,RU,1612388609,70.6333,147.9167,-2.76,92,9.15,100
529,rudarpur,IN,1612388610,26.4394,83.6144,52.25,73,1.99,0
530,ust-nera,RU,1612388611,64.5667,143.2,-23.8,77,3.74,96
531,at-bashi,KG,1612388613,41.1702,75.8106,7.43,62,2.53,0
532,bukama,CD,1612388614,-9.2,25.85,68.68,93,3.78,54
533,oistins,BB,1612388615,13.0667,-59.5333,80.6,65,24.16,40
534,alyangula,AU,1612388616,-13.8483,136.4192,78.8,100,1.14,90
535,broken hill,AU,1612388618,-31.95,141.4333,73.4,27,8.05,98
536,sardarpur,IN,1612388619,22.678,74.9484,64.98,31,4.21,6
537,hannibal,US,1612388620,39.7084,-91.3585,44.6,57,4.61,1
538,leh,IN,1612388621,34.1667,77.5833,6.44,63,3.87,100
539,port hardy,CA,1612388623,50.6996,-127.4199,41.0,93,4.61,90
540,dennery,LC,1612388624,13.8996,-60.8879,80.6,78,9.22,75
541,ramgarh,IN,1612388625,23.6333,85.5167,51.8,66,3.11,0
542,zhaodong,CN,1612388626,46.0833,125.9833,-18.4,69,8.95,0
543,le mars,US,1612388628,42.7942,-96.1656,39.2,75,17.27,1
544,kieta,PG,1612388629,-6.2167,155.6333,82.47,78,9.22,88
545,solnechnyy,RU,1612388630,50.7214,136.6319,-27.11,80,2.46,26
546,west odessa,US,1612388631,31.8424,-102.4988,80.6,12,16.11,1
547,chifeng,CN,1612388633,42.2683,118.9636,7.74,86,6.78,0
548,sechura,PE,1612388634,-5.5569,-80.8222,80.89,55,18.88,3
549,herat,AF,1612388635,34.5,62.0,38.79,75,1.36,0
550,carutapera,BR,1612388636,-1.195,-46.02,79.74,80,8.95,8
551,baiyin,CN,1612388637,36.5583,104.2081,30.0,35,4.47,0
552,padre bernardo,BR,1612388639,-15.35,-48.5,72.91,90,3.6,100
553,ambovombe,MG,1612388640,-25.1667,46.0833,75.43,75,7.67,0
554,lidkoping,SE,1612388641,58.5052,13.1577,15.8,92,6.91,75
555,kabwe,ZM,1612388643,-14.4469,28.4464,64.26,96,4.14,100
556,intipuca,SV,1612388644,13.1969,-88.0544,96.8,23,2.3,0
557,myaundzha,RU,1612388645,63.0494,147.1858,-16.51,83,4.83,100
558,namtsy,RU,1612388646,62.7161,129.6658,-47.2,59,4.47,94
559,beroroha,MG,1612388648,-21.6667,45.1667,78.75,64,2.21,17
560,asfi,MA,1612388649,32.2994,-9.2372,57.43,83,1.03,63
561,newtownards,GB,1612388650,54.5924,-5.6909,43.0,100,8.05,90
562,amarkantak,IN,1612388651,22.6667,81.75,51.04,44,0.47,0
563,bollnas,SE,1612388653,61.3482,16.3946,5.0,63,3.0,62
564,manicore,BR,1612388654,-5.8092,-61.3003,79.34,95,1.07,100
565,pitkyaranta,RU,1612388655,61.5734,31.4792,14.65,95,12.75,100
566,tautira,PF,1612388656,-17.7333,-149.15,77.0,83,11.5,40
567,kasama,ZM,1612388587,-10.2129,31.1808,61.74,97,1.03,66
568,colares,PT,1612388659,38.7992,-9.4469,57.99,91,8.99,40
569,muhos,FI,1612388660,64.808,25.9931,14.0,92,8.05,90
570,beisfjord,NO,1612388662,68.3751,17.5988,25.0,83,3.0,85
571,chara,RU,1612388663,56.9064,118.2631,-29.52,66,0.4,51
